[
    {
        "_id": {
            "$oid": "6005ab46e469bc23790cec86"
        },
        "images": [
            "https://images.pexels.com/photos/1454804/pexels-photo-1454804.jpeg?auto=compress&cs=tinysrgb&dpr=2&h=750&w=1260"
        ],
        "bhk": 1,
        "room_code": "CHN-CV76",
        "monthly_rent": 43932,
        "security_deposit": 92029,
        "amenities": [
            8,
            4,
            5,
            1,
            0,
            9
        ],
        "tenant_type": 0,
        "house_restrictions": [
            0,
            1,
            3
        ],
        "location": {
            "type": "Point",
            "coordinates": [
                13.053174,
                80.207628
            ]
        },
        "occupancy_status": 1,
        "address": "4034 Jason Wells Suite 587\nJamesfort, WI 18243",
        "furnishing": 2,
        "conditions": "Organization feel daughter teacher so meet create.",
        "house_no": "#6a",
        "landmark": "McDonalds",
        "property_type": 1,
        "owner": {
            "owner_id": {
                "$oid": "6005ab46e469bc23790cec87"
            },
            "name": "James Brown",
            "phone_no": "+91 9969804619",
            "request_date": {
                "$date": "2016/09/14 08:57:01"
            },
            "request_status": 2
        },
        "current_tenant": {
            "$oid": "6005ab46e469bc23790cec88"
        },
        "square_feet": 2690,
        "bathrooms": 4,
        "no_of_tenants": 2
    },
    {
        "_id": {
            "$oid": "6005ab46e469bc23790cec89"
        },
        "images": [
            "https://images.pexels.com/photos/323775/pexels-photo-323775.jpeg?auto=compress&cs=tinysrgb&dpr=2&h=750&w=1260",
            "https://images.pexels.com/photos/323780/pexels-photo-323780.jpeg?auto=compress&cs=tinysrgb&dpr=2&h=750&w=1260",
            "https://images.pexels.com/photos/1918291/pexels-photo-1918291.jpeg?auto=compress&cs=tinysrgb&dpr=2&h=750&w=1260"
        ],
        "bhk": 4,
        "room_code": "BNG-WB73",
        "monthly_rent": 72901,
        "security_deposit": 57123,
        "amenities": [
            4,
            5,
            9,
            8
        ],
        "tenant_type": 1,
        "house_restrictions": [
            3,
            0,
            1
        ],
        "location": {
            "type": "Point",
            "coordinates": [
                13.053174,
                80.207628
            ]
        },
        "occupancy_status": 1,
        "address": "572 Paul Course\nJacobchester, AR 68573",
        "furnishing": 1,
        "conditions": "Wait require position five manage.",
        "house_no": "42",
        "landmark": "ktm showroom",
        "property_type": 0,
        "owner": {
            "owner_id": {
                "$oid": "6005ab46e469bc23790cec8a"
            },
            "name": "Monica Ross",
            "phone_no": "+91 8141769937",
            "request_date": {
                "$date": "2019/12/09 13:50:13"
            },
            "request_status": 0
        },
        "current_tenant": {
            "$oid": "6005ab46e469bc23790cec8b"
        },
        "square_feet": 4566,
        "bathrooms": 5,
        "no_of_tenants": 4
    },
    {
        "_id": {
            "$oid": "6005ab46e469bc23790cec8c"
        },
        "images": [
            "https://images.pexels.com/photos/186077/pexels-photo-186077.jpeg?auto=compress&cs=tinysrgb&dpr=2&h=750&w=1260",
            "https://images.pexels.com/photos/1571462/pexels-photo-1571462.jpeg?auto=compress&cs=tinysrgb&dpr=2&h=750&w=1260",
            "https://images.pexels.com/photos/323780/pexels-photo-323780.jpeg?auto=compress&cs=tinysrgb&dpr=2&h=750&w=1260"
        ],
        "bhk": 5,
        "room_code": "CHN-MD84",
        "monthly_rent": 69944,
        "security_deposit": 36342,
        "amenities": [
            3,
            6,
            9
        ],
        "tenant_type": 0,
        "house_restrictions": [
            3,
            2,
            0
        ],
        "location": {
            "type": "Point",
            "coordinates": [
                13.053174,
                80.207628
            ]
        },
        "occupancy_status": 1,
        "address": "618 Barber Parkway\nSarahside, NM 28619",
        "furnishing": 1,
        "conditions": "Figure range new whom.",
        "house_no": "no.34, S-3",
        "landmark": "ktm showroom",
        "property_type": 0,
        "owner": {
            "owner_id": {
                "$oid": "6005ab46e469bc23790cec8d"
            },
            "name": "Amanda Cruz",
            "phone_no": "+91 9551976501",
            "request_date": {
                "$date": "2017/04/14 10:59:39"
            },
            "request_status": 0
        },
        "current_tenant": {
            "$oid": "6005ab46e469bc23790cec8e"
        },
        "square_feet": 1437,
        "bathrooms": 5,
        "no_of_tenants": 1
    },
    {
        "_id": {
            "$oid": "6005ab46e469bc23790cec8f"
        },
        "images": [
            "https://images.pexels.com/photos/323775/pexels-photo-323775.jpeg?auto=compress&cs=tinysrgb&dpr=2&h=750&w=1260",
            "https://images.pexels.com/photos/1571460/pexels-photo-1571460.jpeg?auto=compress&cs=tinysrgb&dpr=3&h=750&w=1260",
            "https://images.pexels.com/photos/1454806/pexels-photo-1454806.jpeg?auto=compress&cs=tinysrgb&dpr=2&h=750&w=1260",
            "https://images.pexels.com/photos/1669799/pexels-photo-1669799.jpeg?auto=compress&cs=tinysrgb&dpr=2&h=750&w=1260",
            "https://images.pexels.com/photos/358592/pexels-photo-358592.jpeg?auto=compress&cs=tinysrgb&dpr=2&h=750&w=1260",
            "https://images.pexels.com/photos/271743/pexels-photo-271743.jpeg?auto=compress&cs=tinysrgb&dpr=2&h=750&w=1260",
            "https://images.pexels.com/photos/1918291/pexels-photo-1918291.jpeg?auto=compress&cs=tinysrgb&dpr=2&h=750&w=1260",
            "https://images.pexels.com/photos/186077/pexels-photo-186077.jpeg?auto=compress&cs=tinysrgb&dpr=2&h=750&w=1260",
            "https://images.pexels.com/photos/1396122/pexels-photo-1396122.jpeg?auto=compress&cs=tinysrgb&dpr=2&h=750&w=1260",
            "https://images.pexels.com/photos/1115804/pexels-photo-1115804.jpeg?auto=compress&cs=tinysrgb&dpr=2&h=750&w=1260"
        ],
        "bhk": 1,
        "room_code": "CHN-AY57",
        "monthly_rent": 50859,
        "security_deposit": 30591,
        "amenities": [
            7,
            4
        ],
        "tenant_type": 1,
        "house_restrictions": [
            2,
            0
        ],
        "location": {
            "type": "Point",
            "coordinates": [
                13.053174,
                80.207628
            ]
        },
        "occupancy_status": 1,
        "address": "0003 David Landing Apt. 673\nNorth David, IL 29399",
        "furnishing": 1,
        "conditions": "Pay really way west information through apply.",
        "house_no": "no.34, S-3",
        "landmark": "ktm showroom",
        "property_type": 0,
        "owner": {
            "owner_id": {
                "$oid": "6005ab46e469bc23790cec90"
            },
            "name": "David Gonzales",
            "phone_no": "+91 7249585324",
            "request_date": {
                "$date": "2017/06/18 02:06:14"
            },
            "request_status": 1
        },
        "current_tenant": {
            "$oid": "6005ab46e469bc23790cec91"
        },
        "square_feet": 4243,
        "bathrooms": 5,
        "no_of_tenants": 1
    },
    {
        "_id": {
            "$oid": "6005ab46e469bc23790cec92"
        },
        "images": [
            "https://images.pexels.com/photos/279746/pexels-photo-279746.jpeg?auto=compress&cs=tinysrgb&dpr=2&h=750&w=1260",
            "https://images.pexels.com/photos/323780/pexels-photo-323780.jpeg?auto=compress&cs=tinysrgb&dpr=2&h=750&w=1260",
            "https://images.pexels.com/photos/164558/pexels-photo-164558.jpeg?auto=compress&cs=tinysrgb&dpr=2&h=750&w=1260",
            "https://images.pexels.com/photos/1599790/pexels-photo-1599790.jpeg?auto=compress&cs=tinysrgb&dpr=2&h=750&w=1260",
            "https://images.pexels.com/photos/358592/pexels-photo-358592.jpeg?auto=compress&cs=tinysrgb&dpr=2&h=750&w=1260",
            "https://images.pexels.com/photos/262048/pexels-photo-262048.jpeg?auto=compress&cs=tinysrgb&dpr=2&h=750&w=1260",
            "https://images.pexels.com/photos/1571460/pexels-photo-1571460.jpeg?auto=compress&cs=tinysrgb&dpr=3&h=750&w=1260",
            "https://images.pexels.com/photos/271743/pexels-photo-271743.jpeg?auto=compress&cs=tinysrgb&dpr=2&h=750&w=1260"
        ],
        "bhk": 4,
        "room_code": "DEL-HD06",
        "monthly_rent": 78962,
        "security_deposit": 35160,
        "amenities": [
            9,
            7,
            4,
            5,
            2,
            8,
            3,
            6,
            0
        ],
        "tenant_type": 1,
        "house_restrictions": [
            0
        ],
        "location": {
            "type": "Point",
            "coordinates": [
                13.053174,
                80.207628
            ]
        },
        "occupancy_status": 1,
        "address": "791 Nicholas Burg\nHansonton, AK 62313",
        "furnishing": 0,
        "conditions": "Chair find air away message.",
        "house_no": "no.34, S-3",
        "landmark": "kfc",
        "property_type": 1,
        "owner": {
            "owner_id": {
                "$oid": "6005ab46e469bc23790cec93"
            },
            "name": "Matthew Shelton",
            "phone_no": "+91 9700273014",
            "request_date": {
                "$date": "2017/03/15 05:21:45"
            },
            "request_status": 2
        },
        "current_tenant": {
            "$oid": "6005ab46e469bc23790cec94"
        },
        "square_feet": 3071,
        "bathrooms": 2,
        "no_of_tenants": 2
    },
    {
        "_id": {
            "$oid": "6005ab46e469bc23790cec95"
        },
        "images": [
            "https://images.pexels.com/photos/1457847/pexels-photo-1457847.jpeg?auto=compress&cs=tinysrgb&dpr=2&h=750&w=1260",
            "https://images.pexels.com/photos/262048/pexels-photo-262048.jpeg?auto=compress&cs=tinysrgb&dpr=2&h=750&w=1260",
            "https://images.pexels.com/photos/1454804/pexels-photo-1454804.jpeg?auto=compress&cs=tinysrgb&dpr=2&h=750&w=1260",
            "https://images.pexels.com/photos/323780/pexels-photo-323780.jpeg?auto=compress&cs=tinysrgb&dpr=2&h=750&w=1260",
            "https://images.pexels.com/photos/1457842/pexels-photo-1457842.jpeg?auto=compress&cs=tinysrgb&dpr=2&h=750&w=1260",
            "https://images.pexels.com/photos/1571458/pexels-photo-1571458.jpeg?auto=compress&cs=tinysrgb&dpr=2&h=750&w=1260",
            "https://images.pexels.com/photos/1115804/pexels-photo-1115804.jpeg?auto=compress&cs=tinysrgb&dpr=2&h=750&w=1260",
            "https://images.pexels.com/photos/1396122/pexels-photo-1396122.jpeg?auto=compress&cs=tinysrgb&dpr=2&h=750&w=1260",
            "https://images.pexels.com/photos/1571453/pexels-photo-1571453.jpeg?auto=compress&cs=tinysrgb&dpr=2&h=750&w=1260"
        ],
        "bhk": 2,
        "room_code": "MUM-XS80",
        "monthly_rent": 81775,
        "security_deposit": 61153,
        "amenities": [
            0
        ],
        "tenant_type": 0,
        "house_restrictions": [
            0,
            3,
            1
        ],
        "location": {
            "type": "Point",
            "coordinates": [
                13.053174,
                80.207628
            ]
        },
        "occupancy_status": 1,
        "address": "5825 Dunlap Via Suite 197\nStewartstad, RI 10117",
        "furnishing": 1,
        "conditions": "Method although result close.",
        "house_no": "no.34, S-3",
        "landmark": "McDonalds",
        "property_type": 0,
        "owner": {
            "owner_id": {
                "$oid": "6005ab46e469bc23790cec96"
            },
            "name": "Brandy Ward",
            "phone_no": "+91 8048991060",
            "request_date": {
                "$date": "2018/11/05 22:49:43"
            },
            "request_status": 1
        },
        "current_tenant": {
            "$oid": "6005ab46e469bc23790cec97"
        },
        "square_feet": 591,
        "bathrooms": 3,
        "no_of_tenants": 2
    },
    {
        "_id": {
            "$oid": "6005ab46e469bc23790cec98"
        },
        "images": [
            "https://images.pexels.com/photos/271816/pexels-photo-271816.jpeg?auto=compress&cs=tinysrgb&dpr=2&h=750&w=1260",
            "https://images.pexels.com/photos/186077/pexels-photo-186077.jpeg?auto=compress&cs=tinysrgb&dpr=2&h=750&w=1260",
            "https://images.pexels.com/photos/323780/pexels-photo-323780.jpeg?auto=compress&cs=tinysrgb&dpr=2&h=750&w=1260",
            "https://images.pexels.com/photos/1457842/pexels-photo-1457842.jpeg?auto=compress&cs=tinysrgb&dpr=2&h=750&w=1260",
            "https://images.pexels.com/photos/280229/pexels-photo-280229.jpeg?auto=compress&cs=tinysrgb&dpr=2&h=750&w=1260",
            "https://images.pexels.com/photos/323775/pexels-photo-323775.jpeg?auto=compress&cs=tinysrgb&dpr=2&h=750&w=1260",
            "https://images.pexels.com/photos/1918291/pexels-photo-1918291.jpeg?auto=compress&cs=tinysrgb&dpr=2&h=750&w=1260",
            "https://images.pexels.com/photos/1643383/pexels-photo-1643383.jpeg?auto=compress&cs=tinysrgb&dpr=2&h=750&w=1260",
            "https://images.pexels.com/photos/164558/pexels-photo-164558.jpeg?auto=compress&cs=tinysrgb&dpr=2&h=750&w=1260"
        ],
        "bhk": 4,
        "room_code": "BNG-WB73",
        "monthly_rent": 83128,
        "security_deposit": 24496,
        "amenities": [
            4,
            3,
            2,
            0,
            7
        ],
        "tenant_type": 1,
        "house_restrictions": [
            2
        ],
        "location": {
            "type": "Point",
            "coordinates": [
                13.053174,
                80.207628
            ]
        },
        "occupancy_status": 1,
        "address": "863 Mark Canyon\nBakerburgh, ME 87521",
        "furnishing": 2,
        "conditions": "Soldier another sense court cut two result.",
        "house_no": "new no.4a/old no. #62",
        "landmark": "kfc",
        "property_type": 1,
        "owner": {
            "owner_id": {
                "$oid": "6005ab46e469bc23790cec99"
            },
            "name": "Thomas Carter",
            "phone_no": "+91 6567928460",
            "request_date": {
                "$date": "2020/10/08 17:28:11"
            },
            "request_status": 0
        },
        "current_tenant": {
            "$oid": "6005ab46e469bc23790cec9a"
        },
        "square_feet": 3392,
        "bathrooms": 2,
        "no_of_tenants": 4
    },
    {
        "_id": {
            "$oid": "6005ab46e469bc23790cec9b"
        },
        "images": [
            "https://images.pexels.com/photos/271743/pexels-photo-271743.jpeg?auto=compress&cs=tinysrgb&dpr=2&h=750&w=1260",
            "https://images.pexels.com/photos/280229/pexels-photo-280229.jpeg?auto=compress&cs=tinysrgb&dpr=2&h=750&w=1260",
            "https://images.pexels.com/photos/1454806/pexels-photo-1454806.jpeg?auto=compress&cs=tinysrgb&dpr=2&h=750&w=1260",
            "https://images.pexels.com/photos/1571459/pexels-photo-1571459.jpeg?auto=compress&cs=tinysrgb&dpr=2&h=750&w=1260",
            "https://images.pexels.com/photos/279746/pexels-photo-279746.jpeg?auto=compress&cs=tinysrgb&dpr=2&h=750&w=1260",
            "https://images.pexels.com/photos/1669799/pexels-photo-1669799.jpeg?auto=compress&cs=tinysrgb&dpr=2&h=750&w=1260"
        ],
        "bhk": 5,
        "room_code": "BNG-WB73",
        "monthly_rent": 34889,
        "security_deposit": 47976,
        "amenities": [
            8,
            4,
            0,
            7,
            3,
            9,
            5,
            6
        ],
        "tenant_type": 0,
        "house_restrictions": [
            1,
            0
        ],
        "location": {
            "type": "Point",
            "coordinates": [
                13.053174,
                80.207628
            ]
        },
        "occupancy_status": 1,
        "address": "4634 Taylor Plaza Suite 497\nWest Melvin, NY 02882",
        "furnishing": 0,
        "conditions": "Born later buy side ability.",
        "house_no": "F-3 1st floor",
        "landmark": "ktm showroom",
        "property_type": 1,
        "owner": {
            "owner_id": {
                "$oid": "6005ab46e469bc23790cec9c"
            },
            "name": "Amanda Patterson",
            "phone_no": "+91 9788823950",
            "request_date": {
                "$date": "2017/09/20 15:44:04"
            },
            "request_status": 1
        },
        "current_tenant": {
            "$oid": "6005ab46e469bc23790cec9d"
        },
        "square_feet": 4067,
        "bathrooms": 4,
        "no_of_tenants": 5
    },
    {
        "_id": {
            "$oid": "6005ab46e469bc23790cec9e"
        },
        "images": [
            "https://images.pexels.com/photos/271743/pexels-photo-271743.jpeg?auto=compress&cs=tinysrgb&dpr=2&h=750&w=1260",
            "https://images.pexels.com/photos/279746/pexels-photo-279746.jpeg?auto=compress&cs=tinysrgb&dpr=2&h=750&w=1260",
            "https://images.pexels.com/photos/1454804/pexels-photo-1454804.jpeg?auto=compress&cs=tinysrgb&dpr=2&h=750&w=1260",
            "https://images.pexels.com/photos/262048/pexels-photo-262048.jpeg?auto=compress&cs=tinysrgb&dpr=2&h=750&w=1260",
            "https://images.pexels.com/photos/280229/pexels-photo-280229.jpeg?auto=compress&cs=tinysrgb&dpr=2&h=750&w=1260"
        ],
        "bhk": 3,
        "room_code": "CHN-DN87",
        "monthly_rent": 23633,
        "security_deposit": 31990,
        "amenities": [],
        "tenant_type": 0,
        "house_restrictions": [
            1,
            2,
            3
        ],
        "location": {
            "type": "Point",
            "coordinates": [
                13.053174,
                80.207628
            ]
        },
        "occupancy_status": 0,
        "address": "7864 Michael Field\nPort Nicholaschester, IN 50562",
        "furnishing": 0,
        "conditions": "Voice guy worry degree.",
        "house_no": "#6a",
        "landmark": "kfc",
        "property_type": 0,
        "owner": {
            "owner_id": {
                "$oid": "6005ab46e469bc23790cec9f"
            },
            "name": "Frank Mccarty",
            "phone_no": "+91 8680219254",
            "request_date": {
                "$date": "2019/03/19 09:45:32"
            },
            "request_status": 2
        },
        "current_tenant": {
            "$oid": "6005ab46e469bc23790ceca0"
        },
        "square_feet": 2550,
        "bathrooms": 4,
        "no_of_tenants": 5
    },
    {
        "_id": {
            "$oid": "6005ab46e469bc23790ceca1"
        },
        "images": [
            "https://images.pexels.com/photos/1571453/pexels-photo-1571453.jpeg?auto=compress&cs=tinysrgb&dpr=2&h=750&w=1260",
            "https://images.pexels.com/photos/1643383/pexels-photo-1643383.jpeg?auto=compress&cs=tinysrgb&dpr=2&h=750&w=1260",
            "https://images.pexels.com/photos/164558/pexels-photo-164558.jpeg?auto=compress&cs=tinysrgb&dpr=2&h=750&w=1260",
            "https://images.pexels.com/photos/279719/pexels-photo-279719.jpeg?auto=compress&cs=tinysrgb&dpr=2&h=750&w=1260"
        ],
        "bhk": 1,
        "room_code": "MUM-AQ23",
        "monthly_rent": 79430,
        "security_deposit": 77268,
        "amenities": [
            3,
            0,
            9,
            8,
            5
        ],
        "tenant_type": 1,
        "house_restrictions": [],
        "location": {
            "type": "Point",
            "coordinates": [
                13.053174,
                80.207628
            ]
        },
        "occupancy_status": 0,
        "address": "5652 Hernandez Square Apt. 042\nWest Tracieton, AR 13947",
        "furnishing": 0,
        "conditions": "Success these age player.",
        "house_no": "no.34, S-3",
        "landmark": "Nvdia showroom",
        "property_type": 0,
        "owner": {
            "owner_id": {
                "$oid": "6005ab46e469bc23790ceca2"
            },
            "name": "Robert Weber",
            "phone_no": "+91 9136165639",
            "request_date": {
                "$date": "2018/11/10 05:50:09"
            },
            "request_status": 1
        },
        "current_tenant": {
            "$oid": "6005ab46e469bc23790ceca3"
        },
        "square_feet": 1388,
        "bathrooms": 5,
        "no_of_tenants": 2
    }
],


